alg,seed,train,test,theta,pop_size,gens,stalled_gens,tolerance,patience,fitness_history,time(seconds)
GWO,17,-89688.77726384503,-2224.187748869907,"[2.6793989849195223, 1.6113710757251984, 0.13558224930081933, 47.01975150411797, 1.7138228223396637, 0.5, 5.0, 5.0]",50,21,10,0.3,10,"[-30400.812799288437, -30400.812799288437, -30400.812799288437, -30400.812799288437, -33138.98746834842, -33138.98746834842, -38085.78634872563, -38085.78634872563, -49489.2173145945, -49489.2173145945, -49489.2173145945, -49489.2173145945, -49489.2173145945, -49489.2173145945, -49489.2173145945, -49489.2173145945, -49489.2173145945, -49489.2173145945, -52751.167564337135, -52751.167564337135, -69128.06290053827, -69128.06290053827, -69128.06290053827, -69128.06290053827, -69128.06290053827, -69128.06290053827, -69128.06290053827, -69128.06290053827, -69128.06290053827, -69128.06290053827, -89688.77726384503, -89688.77726384503, -89688.77726384503, -89688.77726384503, -89688.77726384503, -89688.77726384503, -89688.77726384503, -89688.77726384503, -89688.77726384503, -89688.77726384503, -89688.77726384503, -89688.77726384503]",3.18
